id,name,path,level,parent_id
1,语音,语音,1,0
2,语音辨析,语音 > 语音辨析,2,1
3,元音辨析,语音 > 语音辨析 > 元音辨析,3,2
4,辅音辨析,语音 > 语音辨析 > 辅音辨析,3,2
5,重读辨析,语音 > 重读辨析,2,1
6,词汇重读,语音 > 重读辨析 > 词汇重读,3,5
7,句子重读,语音 > 重读辨析 > 句子重读,3,5
8,词汇,词汇,1,0
9,构词法,词汇 > 构词法,2,8
10,合成法,词汇 > 构词法 > 合成法,3,9
11,派生法,词汇 > 构词法 > 派生法,3,9
12,前缀,词汇 > 构词法 > 派生法 > 前缀,4,11
13,后缀,词汇 > 构词法 > 派生法 > 后缀,4,11
14,转化法,词汇 > 构词法 > 转化法,3,9
15,名词动词相互转换,词汇 > 构词法 > 转化法 > 名词动词相互转换,4,14
16,名词形容词相互转换,词汇 > 构词法 > 转化法 > 名词形容词相互转换,4,14
17,动词形容词相互转换,词汇 > 构词法 > 转化法 > 动词形容词相互转换,4,14
18,形容词副词相互转换,词汇 > 构词法 > 转化法 > 形容词副词相互转换,4,14
19,其他形式转换,词汇 > 构词法 > 转化法 > 其他形式转换,4,14
20,缩写和简写,词汇 > 构词法 > 缩写和简写,3,9
21,词汇辨析,词汇 > 词汇辨析,2,8
22,名词辨析,词汇 > 词汇辨析 > 名词辨析,3,21
23,动词辨析,词汇 > 词汇辨析 > 动词辨析,3,21
24,形容词辨析,词汇 > 词汇辨析 > 形容词辨析,3,21
25,-ing形容词和-ed形容词辨析,词汇 > 词汇辨析 > -ing形容词和-ed形容词辨析,3,21
26,副词辨析,词汇 > 词汇辨析 > 副词辨析,3,21
27,介词辨析,词汇 > 词汇辨析 > 介词辨析,3,21
28,并列连词辨析,词汇 > 词汇辨析 > 并列连词辨析,3,21
29,从属连词辨析,词汇 > 词汇辨析 > 从属连词辨析,3,21
30,熟词生义,词汇 > 词汇辨析 > 熟词生义,3,21
31,短语辨析,词汇 > 短语辨析,2,8
32,动词短语辨析,词汇 > 短语辨析 > 动词短语辨析,3,31
33,固定搭配辨析,词汇 > 短语辨析 > 固定搭配辨析,3,31
34,固定搭配,词汇 > 固定搭配,2,8
35,固定短语,词汇 > 固定搭配 > 固定短语,3,34
36,固定句型,词汇 > 固定搭配 > 固定句型,3,34
37,语法,语法,1,0
38,词法,语法 > 词法,2,37
39,名词,语法 > 词法 > 名词,3,38
40,可数名词及其单、复数,语法 > 词法 > 名词 > 可数名词及其单、复数,4,39
41,不可数名词,语法 > 词法 > 名词 > 不可数名词,4,39
42,专有名词,语法 > 词法 > 名词 > 专有名词,4,39
43,名词所有格,语法 > 词法 > 名词 > 名词所有格,4,39
44,名词修饰语,语法 > 词法 > 名词 > 名词修饰语,4,39
45,修饰可数名词单数的词,语法 > 词法 > 名词 > 名词修饰语 > 修饰可数名词单数的词,5,44
46,修饰可数名词复数的词,语法 > 词法 > 名词 > 名词修饰语 > 修饰可数名词复数的词,5,44
47,修饰不可数名词的词,语法 > 词法 > 名词 > 名词修饰语 > 修饰不可数名词的词,5,44
48,修饰可数和不可数的词,语法 > 词法 > 名词 > 名词修饰语 > 修饰可数和不可数的词,5,44
49,其他名词修饰语,语法 > 词法 > 名词 > 名词修饰语 > 其他名词修饰语,5,44
50,名词的作用,语法 > 词法 > 名词 > 名词的作用,4,39
51,名词作主语,语法 > 词法 > 名词 > 名词的作用 > 名词作主语,5,50
52,名词作宾语,语法 > 词法 > 名词 > 名词的作用 > 名词作宾语,5,50
53,名词作表语,语法 > 词法 > 名词 > 名词的作用 > 名词作表语,5,50
54,名词作定语,语法 > 词法 > 名词 > 名词的作用 > 名词作定语,5,50
55,名词作补语,语法 > 词法 > 名词 > 名词的作用 > 名词作补语,5,50
56,名词作状语,语法 > 词法 > 名词 > 名词的作用 > 名词作状语,5,50
57,动词,语法 > 词法 > 动词,3,38
58,实义动词,语法 > 词法 > 动词 > 实义动词,4,57
59,及物动词,语法 > 词法 > 动词 > 实义动词 > 及物动词,5,58
60,不及物动词,语法 > 词法 > 动词 > 实义动词 > 不及物动词,5,58
61,系动词,语法 > 词法 > 动词 > 系动词,4,57
62,感官动词,语法 > 词法 > 动词 > 系动词 > 感官动词,5,61
63,be 动词,语法 > 词法 > 动词 > 系动词 > be 动词,5,61
64,其他系动词,语法 > 词法 > 动词 > 系动词 > 其他系动词,5,61
65,助动词,语法 > 词法 > 动词 > 助动词,4,57
66,be动词作助动词,语法 > 词法 > 动词 > 助动词 > be动词作助动词,5,65
67,do作助动词,语法 > 词法 > 动词 > 助动词 > do作助动词,5,65
68,will、shall作助动词,语法 > 词法 > 动词 > 助动词 > will、shall作助动词,5,65
69,have作助动词,语法 > 词法 > 动词 > 助动词 > have作助动词,5,65
70,使役动词,语法 > 词法 > 动词 > 使役动词,4,57
71,have作使役动词,语法 > 词法 > 动词 > 使役动词 > have作使役动词,5,70
72,let作使役动词,语法 > 词法 > 动词 > 使役动词 > let作使役动词,5,70
73,make作使役动词,语法 > 词法 > 动词 > 使役动词 > make作使役动词,5,70
74,情态动词,语法 > 词法 > 动词 > 情态动词,4,57
75,be able to的用法,语法 > 词法 > 动词 > 情态动词 > be able to的用法,5,74
76,used to的用法,语法 > 词法 > 动词 > 情态动词 > used to的用法,5,74
77,can/could 的用法,语法 > 词法 > 动词 > 情态动词 > can/could 的用法,5,74
78,may/might的用法,语法 > 词法 > 动词 > 情态动词 > may/might的用法,5,74
79,will/would的用法,语法 > 词法 > 动词 > 情态动词 > will/would的用法,5,74
80,shall/should的用法,语法 > 词法 > 动词 > 情态动词 > shall/should的用法,5,74
81,ought to的用法,语法 > 词法 > 动词 > 情态动词 > ought to的用法,5,74
82,need的用法,语法 > 词法 > 动词 > 情态动词 > need的用法,5,74
83,must的用法,语法 > 词法 > 动词 > 情态动词 > must的用法,5,74
84,have to的用法,语法 > 词法 > 动词 > 情态动词 > have to的用法,5,74
85,had better的用法,语法 > 词法 > 动词 > 情态动词 > had better的用法,5,74
86,dare的用法,语法 > 词法 > 动词 > 情态动词 > dare的用法,5,74
87,情态动词+have done,语法 > 词法 > 动词 > 情态动词 > 情态动词+have done,5,74
88,形容词,语法 > 词法 > 形容词,3,38
89,形容词的用法,语法 > 词法 > 形容词 > 形容词的用法,4,88
90,形容词作定语,语法 > 词法 > 形容词 > 形容词的用法 > 形容词作定语,5,89
91,形容词作表语,语法 > 词法 > 形容词 > 形容词的用法 > 形容词作表语,5,89
92,形容词作状语,语法 > 词法 > 形容词 > 形容词的用法 > 形容词作状语,5,89
93,形容词作补足语,语法 > 词法 > 形容词 > 形容词的用法 > 形容词作补足语,5,89
94,形容词位置,语法 > 词法 > 形容词 > 形容词的用法 > 形容词位置,5,89
95,前置形容词顺序,语法 > 词法 > 形容词 > 形容词的用法 > 前置形容词顺序,5,89
96,形容词比较等级,语法 > 词法 > 形容词 > 形容词比较等级,4,88
97,形容词原级,语法 > 词法 > 形容词 > 形容词比较等级 > 形容词原级,5,96
98,形容词比较级,语法 > 词法 > 形容词 > 形容词比较等级 > 形容词比较级,5,96
99,形容词最高级,语法 > 词法 > 形容词 > 形容词比较等级 > 形容词最高级,5,96
100,副词,语法 > 词法 > 副词,3,38
101,副词的比较等级,语法 > 词法 > 副词 > 副词的比较等级,4,100
102,副词原级,语法 > 词法 > 副词 > 副词的比较等级 > 副词原级,5,101
103,副词比较级,语法 > 词法 > 副词 > 副词的比较等级 > 副词比较级,5,101
104,副词最高级,语法 > 词法 > 副词 > 副词的比较等级 > 副词最高级,5,101
105,副词的作用,语法 > 词法 > 副词 > 副词的作用,4,100
106,副词修饰动词,语法 > 词法 > 副词 > 副词的作用 > 副词修饰动词,5,105
107,副词修饰形容词,语法 > 词法 > 副词 > 副词的作用 > 副词修饰形容词,5,105
108,副词修饰副词,语法 > 词法 > 副词 > 副词的作用 > 副词修饰副词,5,105
109,副词修饰整个句子,语法 > 词法 > 副词 > 副词的作用 > 副词修饰整个句子,5,105
110,副词位置,语法 > 词法 > 副词 > 副词位置,4,100
111,副词的分类,语法 > 词法 > 副词 > 副词的分类,4,100
112,方式副词,语法 > 词法 > 副词 > 副词的分类 > 方式副词,5,111
113,时间副词,语法 > 词法 > 副词 > 副词的分类 > 时间副词,5,111
114,地点副词,语法 > 词法 > 副词 > 副词的分类 > 地点副词,5,111
115,频度副词,语法 > 词法 > 副词 > 副词的分类 > 频度副词,5,111
116,程度副词,语法 > 词法 > 副词 > 副词的分类 > 程度副词,5,111
117,疑问副词,语法 > 词法 > 副词 > 副词的分类 > 疑问副词,5,111
118,其他副词,语法 > 词法 > 副词 > 副词的分类 > 其他副词,5,111
119,代词,语法 > 词法 > 代词,3,38
120,人称代词,语法 > 词法 > 代词 > 人称代词,4,119
121,人称代词主格,语法 > 词法 > 代词 > 人称代词 > 人称代词主格,5,120
122,人称代词宾格,语法 > 词法 > 代词 > 人称代词 > 人称代词宾格,5,120
123,物主代词,语法 > 词法 > 代词 > 物主代词,4,119
124,形容词性物主代词,语法 > 词法 > 代词 > 物主代词 > 形容词性物主代词,5,123
125,名词性物主代词,语法 > 词法 > 代词 > 物主代词 > 名词性物主代词,5,123
126,反身代词,语法 > 词法 > 代词 > 反身代词,4,119
127,指示代词,语法 > 词法 > 代词 > 指示代词,4,119
128,指示代词this,语法 > 词法 > 代词 > 指示代词 > 指示代词this,5,127
129,指示代词that,语法 > 词法 > 代词 > 指示代词 > 指示代词that,5,127
130,指示代词these,语法 > 词法 > 代词 > 指示代词 > 指示代词these,5,127
131,指示代词those,语法 > 词法 > 代词 > 指示代词 > 指示代词those,5,127
132,指示代词such,语法 > 词法 > 代词 > 指示代词 > 指示代词such,5,127
133,指示代词so,语法 > 词法 > 代词 > 指示代词 > 指示代词so,5,127
134,不定代词,语法 > 词法 > 代词 > 不定代词,4,119
135,简单不定代词,语法 > 词法 > 代词 > 不定代词 > 简单不定代词,5,134
136,复合不定代词,语法 > 词法 > 代词 > 不定代词 > 复合不定代词,5,134
137,疑问代词,语法 > 词法 > 代词 > 疑问代词,4,119
138,相互代词,语法 > 词法 > 代词 > 相互代词,4,119
139,each other,语法 > 词法 > 代词 > 相互代词 > each other,5,138
140,one another,语法 > 词法 > 代词 > 相互代词 > one another,5,138
141,代词it的用法,语法 > 词法 > 代词 > 代词it的用法,4,119
142,it形式主语,语法 > 词法 > 代词 > 代词it的用法 > it形式主语,5,141
143,it形式宾语,语法 > 词法 > 代词 > 代词it的用法 > it形式宾语,5,141
144,it指代上文提到的事物、群体,语法 > 词法 > 代词 > 代词it的用法 > it指代上文提到的事物、群体,5,141
145,it指天气、时间、距离等,语法 > 词法 > 代词 > 代词it的用法 > it指天气、时间、距离等,5,141
146,数词,语法 > 词法 > 数词,3,38
147,基数词,语法 > 词法 > 数词 > 基数词,4,146
148,序数词,语法 > 词法 > 数词 > 序数词,4,146
149,分数、小数、百分数,语法 > 词法 > 数词 > 分数、小数、百分数,4,146
150,倍数表达法,语法 > 词法 > 数词 > 倍数表达法,4,146
151,时间表达法,语法 > 词法 > 数词 > 时间表达法,4,146
152,数量有关的名词、代词及其他,语法 > 词法 > 数词 > 数量有关的名词、代词及其他,4,146
153,介词,语法 > 词法 > 介词,3,38
154,at的用法,语法 > 词法 > 介词 > at的用法,4,153
155,about的用法,语法 > 词法 > 介词 > about的用法,4,153
156,as的用法,语法 > 词法 > 介词 > as的用法,4,153
157,in的用法,语法 > 词法 > 介词 > in的用法,4,153
158,with的用法,语法 > 词法 > 介词 > with的用法,4,153
159,without的用法,语法 > 词法 > 介词 > without的用法,4,153
160,by的用法,语法 > 词法 > 介词 > by的用法,4,153
161,for的用法,语法 > 词法 > 介词 > for的用法,4,153
162,of的用法,语法 > 词法 > 介词 > of的用法,4,153
163,off的用法,语法 > 词法 > 介词 > off的用法,4,153
164,from的用法,语法 > 词法 > 介词 > from的用法,4,153
165,on的用法,语法 > 词法 > 介词 > on的用法,4,153
166,over的用法,语法 > 词法 > 介词 > over的用法,4,153
167,to的用法,语法 > 词法 > 介词 > to的用法,4,153
168,under的用法,语法 > 词法 > 介词 > under的用法,4,153
169,above的用法,语法 > 词法 > 介词 > above的用法,4,153
170,below的用法,语法 > 词法 > 介词 > below的用法,4,153
171,beyond的用法,语法 > 词法 > 介词 > beyond的用法,4,153
172,except的用法,语法 > 词法 > 介词 > except的用法,4,153
173,before的用法,语法 > 词法 > 介词 > before的用法,4,153
174,behind的用法,语法 > 词法 > 介词 > behind的用法,4,153
175,after的用法,语法 > 词法 > 介词 > after的用法,4,153
176,through的用法,语法 > 词法 > 介词 > through的用法,4,153
177,across的用法,语法 > 词法 > 介词 > across的用法,4,153
178,among的用法,语法 > 词法 > 介词 > among的用法,4,153
179,between的用法,语法 > 词法 > 介词 > between的用法,4,153
180,during的用法,语法 > 词法 > 介词 > during的用法,4,153
181,around的用法,语法 > 词法 > 介词 > around的用法,4,153
182,inside的用法,语法 > 词法 > 介词 > inside的用法,4,153
183,outside的用法,语法 > 词法 > 介词 > outside的用法,4,153
184,near的用法,语法 > 词法 > 介词 > near的用法,4,153
185,beside的用法,语法 > 词法 > 介词 > beside的用法,4,153
186,along的用法,语法 > 词法 > 介词 > along的用法,4,153
187,toward的用法,语法 > 词法 > 介词 > toward的用法,4,153
188,past的用法,语法 > 词法 > 介词 > past的用法,4,153
189,其他介词,语法 > 词法 > 介词 > 其他介词,4,153
190,连词,语法 > 词法 > 连词,3,38
191,并列连词,语法 > 词法 > 连词 > 并列连词,4,190
192,表因果的并列连词,语法 > 词法 > 连词 > 并列连词 > 表因果的并列连词,5,191
193,表转折的并列连词,语法 > 词法 > 连词 > 并列连词 > 表转折的并列连词,5,191
194,表选择的并列连词,语法 > 词法 > 连词 > 并列连词 > 表选择的并列连词,5,191
195,表递进顺承的并列连词,语法 > 词法 > 连词 > 并列连词 > 表递进顺承的并列连词,5,191
196,从属连词,语法 > 词法 > 连词 > 从属连词,4,190
197,冠词,语法 > 词法 > 冠词,3,38
198,定冠词,语法 > 词法 > 冠词 > 定冠词,4,197
199,不定冠词,语法 > 词法 > 冠词 > 不定冠词,4,197
200,零冠词,语法 > 词法 > 冠词 > 零冠词,4,197
201,有无冠词搭配辨析,语法 > 词法 > 冠词 > 有无冠词搭配辨析,4,197
202,句法,语法 > 句法,2,37
203,简单句,语法 > 句法 > 简单句,3,202
204,句子和句子成分,语法 > 句法 > 句子和句子成分,3,202
205,句子成分（按功能分类）,语法 > 句法 > 句子和句子成分 > 句子成分（按功能分类）,4,204
206,主语,语法 > 句法 > 句子和句子成分 > 句子成分（按功能分类） > 主语,5,205
207,谓语,语法 > 句法 > 句子和句子成分 > 句子成分（按功能分类） > 谓语,5,205
208,宾语,语法 > 句法 > 句子和句子成分 > 句子成分（按功能分类） > 宾语,5,205
209,表语,语法 > 句法 > 句子和句子成分 > 句子成分（按功能分类） > 表语,5,205
210,定语,语法 > 句法 > 句子和句子成分 > 句子成分（按功能分类） > 定语,5,205
211,状语,语法 > 句法 > 句子和句子成分 > 句子成分（按功能分类） > 状语,5,205
212,补语,语法 > 句法 > 句子和句子成分 > 句子成分（按功能分类） > 补语,5,205
213,同位语,语法 > 句法 > 句子和句子成分 > 句子成分（按功能分类） > 同位语,5,205
214,基本句型,语法 > 句法 > 句子和句子成分 > 基本句型,4,204
215,主谓,语法 > 句法 > 句子和句子成分 > 基本句型 > 主谓,5,214
216,主谓宾,语法 > 句法 > 句子和句子成分 > 基本句型 > 主谓宾,5,214
217,主系表,语法 > 句法 > 句子和句子成分 > 基本句型 > 主系表,5,214
218,主谓宾宾,语法 > 句法 > 句子和句子成分 > 基本句型 > 主谓宾宾,5,214
219,主谓宾补,语法 > 句法 > 句子和句子成分 > 基本句型 > 主谓宾补,5,214
220,主谓状,语法 > 句法 > 句子和句子成分 > 基本句型 > 主谓状,5,214
221,主谓宾状,语法 > 句法 > 句子和句子成分 > 基本句型 > 主谓宾状,5,214
222,there be句型或存现句,语法 > 句法 > 句子和句子成分 > 基本句型 > there be句型或存现句,5,214
223,陈述句,语法 > 句法 > 句子和句子成分 > 陈述句,4,204
224,祈使句,语法 > 句法 > 句子和句子成分 > 祈使句,4,204
225,疑问句,语法 > 句法 > 句子和句子成分 > 疑问句,4,204
226,一般疑问句,语法 > 句法 > 句子和句子成分 > 疑问句 > 一般疑问句,5,225
227,特殊疑问句,语法 > 句法 > 句子和句子成分 > 疑问句 > 特殊疑问句,5,225
228,选择疑问句,语法 > 句法 > 句子和句子成分 > 疑问句 > 选择疑问句,5,225
229,附加疑问句,语法 > 句法 > 句子和句子成分 > 疑问句 > 附加疑问句,5,225
230,感叹句,语法 > 句法 > 句子和句子成分 > 感叹句,4,204
231,what引导的感叹句,语法 > 句法 > 句子和句子成分 > 感叹句 > what引导的感叹句,5,230
232,how引导的感叹句,语法 > 句法 > 句子和句子成分 > 感叹句 > how引导的感叹句,5,230
233,谓语动词的时态,语法 > 句法 > 谓语动词的时态,3,202
234,一般现在时,语法 > 句法 > 谓语动词的时态 > 一般现在时,4,233
235,一般过去时,语法 > 句法 > 谓语动词的时态 > 一般过去时,4,233
236,一般将来时,语法 > 句法 > 谓语动词的时态 > 一般将来时,4,233
237,过去将来时,语法 > 句法 > 谓语动词的时态 > 过去将来时,4,233
238,现在完成时,语法 > 句法 > 谓语动词的时态 > 现在完成时,4,233
239,过去完成时,语法 > 句法 > 谓语动词的时态 > 过去完成时,4,233
240,将来完成时,语法 > 句法 > 谓语动词的时态 > 将来完成时,4,233
241,过去将来完成时,语法 > 句法 > 谓语动词的时态 > 过去将来完成时,4,233
242,现在进行时,语法 > 句法 > 谓语动词的时态 > 现在进行时,4,233
243,过去进行时,语法 > 句法 > 谓语动词的时态 > 过去进行时,4,233
244,将来进行时,语法 > 句法 > 谓语动词的时态 > 将来进行时,4,233
245,过去将来进行时,语法 > 句法 > 谓语动词的时态 > 过去将来进行时,4,233
246,现在完成进行时,语法 > 句法 > 谓语动词的时态 > 现在完成进行时,4,233
247,过去完成进行时,语法 > 句法 > 谓语动词的时态 > 过去完成进行时,4,233
248,将来完成进行时,语法 > 句法 > 谓语动词的时态 > 将来完成进行时,4,233
249,过去将来完成进行时,语法 > 句法 > 谓语动词的时态 > 过去将来完成进行时,4,233
250,时态辨析,语法 > 句法 > 谓语动词的时态 > 时态辨析,4,233
251,被动语态,语法 > 句法 > 被动语态,3,202
252,一般现在时的被动语态,语法 > 句法 > 被动语态 > 一般现在时的被动语态,4,251
253,一般过去时的被动语态,语法 > 句法 > 被动语态 > 一般过去时的被动语态,4,251
254,一般将来时的被动语态,语法 > 句法 > 被动语态 > 一般将来时的被动语态,4,251
255,过去将来时的被动语态,语法 > 句法 > 被动语态 > 过去将来时的被动语态,4,251
256,现在完成时的被动语态,语法 > 句法 > 被动语态 > 现在完成时的被动语态,4,251
257,过去完成时的被动语态,语法 > 句法 > 被动语态 > 过去完成时的被动语态,4,251
258,将来完成时的被动语态,语法 > 句法 > 被动语态 > 将来完成时的被动语态,4,251
259,过去将来完成时的被动语态,语法 > 句法 > 被动语态 > 过去将来完成时的被动语态,4,251
260,现在进行时的被动语态,语法 > 句法 > 被动语态 > 现在进行时的被动语态,4,251
261,过去进行时的被动语态,语法 > 句法 > 被动语态 > 过去进行时的被动语态,4,251
262,情态动词的被动语态,语法 > 句法 > 被动语态 > 情态动词的被动语态,4,251
263,主动表被动,语法 > 句法 > 被动语态 > 主动表被动,4,251
264,无被动语态的情况,语法 > 句法 > 被动语态 > 无被动语态的情况,4,251
265,省略to的不定式被动语态,语法 > 句法 > 被动语态 > 省略to的不定式被动语态,4,251
266,并列复合句,语法 > 句法 > 并列复合句,3,202
267,名词性从句,语法 > 句法 > 名词性从句,3,202
268,宾语从句,语法 > 句法 > 名词性从句 > 宾语从句,4,267
269,宾语从句连接词,语法 > 句法 > 名词性从句 > 宾语从句 > 宾语从句连接词,5,268
270,宾语从句的语序,语法 > 句法 > 名词性从句 > 宾语从句 > 宾语从句的语序,5,268
271,宾语从句的时态,语法 > 句法 > 名词性从句 > 宾语从句 > 宾语从句的时态,5,268
272,宾语从句的否定前移,语法 > 句法 > 名词性从句 > 宾语从句 > 宾语从句的否定前移,5,268
273,直接引语和间接引语,语法 > 句法 > 名词性从句 > 宾语从句 > 直接引语和间接引语,5,268
274,主语从句,语法 > 句法 > 名词性从句 > 主语从句,4,267
275,表语从句,语法 > 句法 > 名词性从句 > 表语从句,4,267
276,同位语从句,语法 > 句法 > 名词性从句 > 同位语从句,4,267
277,定语从句,语法 > 句法 > 定语从句,3,202
278,限制性定语从句,语法 > 句法 > 定语从句 > 限制性定语从句,4,277
279,关系代词,语法 > 句法 > 定语从句 > 限制性定语从句 > 关系代词,5,278
280,关系代词which引导的限制性定语从句,语法 > 句法 > 定语从句 > 限制性定语从句 > 关系代词 > 关系代词which引导的限制性定语从句,6,279
281,关系代词that引导的限制性定语从句,语法 > 句法 > 定语从句 > 限制性定语从句 > 关系代词 > 关系代词that引导的限制性定语从句,6,279
282,关系代词who引导的限制性定语从句,语法 > 句法 > 定语从句 > 限制性定语从句 > 关系代词 > 关系代词who引导的限制性定语从句,6,279
283,关系代词whom引导的限制性定语从句,语法 > 句法 > 定语从句 > 限制性定语从句 > 关系代词 > 关系代词whom引导的限制性定语从句,6,279
284,关系代词whose引导的限制性定语从句,语法 > 句法 > 定语从句 > 限制性定语从句 > 关系代词 > 关系代词whose引导的限制性定语从句,6,279
285,关系代词as引导的限制性定语从句,语法 > 句法 > 定语从句 > 限制性定语从句 > 关系代词 > 关系代词as引导的限制性定语从句,6,279
286,关系副词,语法 > 句法 > 定语从句 > 限制性定语从句 > 关系副词,5,278
287,关系副词when引导的限制性定语从句,语法 > 句法 > 定语从句 > 限制性定语从句 > 关系副词 > 关系副词when引导的限制性定语从句,6,286
288,关系副词where引导的限制性定语从句,语法 > 句法 > 定语从句 > 限制性定语从句 > 关系副词 > 关系副词where引导的限制性定语从句,6,286
289,关系副词why引导的限制性定语从句,语法 > 句法 > 定语从句 > 限制性定语从句 > 关系副词 > 关系副词why引导的限制性定语从句,6,286
290,介词+关系代词引导的限制性定语从句,语法 > 句法 > 定语从句 > 限制性定语从句 > 介词+关系代词引导的限制性定语从句,5,278
291,非限制性定语从句,语法 > 句法 > 定语从句 > 非限制性定语从句,4,277
292,关系代词,语法 > 句法 > 定语从句 > 非限制性定语从句 > 关系代词,5,291
293,关系代词which引导的非限制性定语从句,语法 > 句法 > 定语从句 > 非限制性定语从句 > 关系代词 > 关系代词which引导的非限制性定语从句,6,292
294,关系代词who引导的非限制性定语从句,语法 > 句法 > 定语从句 > 非限制性定语从句 > 关系代词 > 关系代词who引导的非限制性定语从句,6,292
295,关系代词whom引导的非限制性定语从句,语法 > 句法 > 定语从句 > 非限制性定语从句 > 关系代词 > 关系代词whom引导的非限制性定语从句,6,292
296,关系代词whose引导的非限制性定语从句,语法 > 句法 > 定语从句 > 非限制性定语从句 > 关系代词 > 关系代词whose引导的非限制性定语从句,6,292
297,关系代词as引导的非限制性定语从句,语法 > 句法 > 定语从句 > 非限制性定语从句 > 关系代词 > 关系代词as引导的非限制性定语从句,6,292
298,关系副词,语法 > 句法 > 定语从句 > 非限制性定语从句 > 关系副词,5,291
299,关系副词when引导的非限制性定语从句,语法 > 句法 > 定语从句 > 非限制性定语从句 > 关系副词 > 关系副词when引导的非限制性定语从句,6,298
300,关系副词where引导的非限制性定语从句,语法 > 句法 > 定语从句 > 非限制性定语从句 > 关系副词 > 关系副词where引导的非限制性定语从句,6,298
301,介词+关系代词引导的非限制性定语从句,语法 > 句法 > 定语从句 > 非限制性定语从句 > 介词+关系代词引导的非限制性定语从句,5,291
302,状语从句,语法 > 句法 > 状语从句,3,202
303,时间状语从句,语法 > 句法 > 状语从句 > 时间状语从句,4,302
304,地点状语从句,语法 > 句法 > 状语从句 > 地点状语从句,4,302
305,原因状语从句,语法 > 句法 > 状语从句 > 原因状语从句,4,302
306,结果状语从句,语法 > 句法 > 状语从句 > 结果状语从句,4,302
307,目的状语从句,语法 > 句法 > 状语从句 > 目的状语从句,4,302
308,条件状语从句,语法 > 句法 > 状语从句 > 条件状语从句,4,302
309,让步状语从句,语法 > 句法 > 状语从句 > 让步状语从句,4,302
310,方式状语从句,语法 > 句法 > 状语从句 > 方式状语从句,4,302
311,比较状语从句,语法 > 句法 > 状语从句 > 比较状语从句,4,302
312,动词的非谓语形式,语法 > 句法 > 动词的非谓语形式,3,202
313,动名词,语法 > 句法 > 动词的非谓语形式 > 动名词,4,312
314,动名词的时态和语态,语法 > 句法 > 动词的非谓语形式 > 动名词 > 动名词的时态和语态,5,313
315,动名词一般式：doing,语法 > 句法 > 动词的非谓语形式 > 动名词 > 动名词的时态和语态 > 动名词一般式：doing,6,314
316,动名词完成式：having done,语法 > 句法 > 动词的非谓语形式 > 动名词 > 动名词的时态和语态 > 动名词完成式：having done,6,314
317,动名词的被动语态,语法 > 句法 > 动词的非谓语形式 > 动名词 > 动名词的时态和语态 > 动名词的被动语态,6,314
318,动名词的用法和意义,语法 > 句法 > 动词的非谓语形式 > 动名词 > 动名词的用法和意义,5,313
319,动名词作主语,语法 > 句法 > 动词的非谓语形式 > 动名词 > 动名词的用法和意义 > 动名词作主语,6,318
320,动名词作宾语,语法 > 句法 > 动词的非谓语形式 > 动名词 > 动名词的用法和意义 > 动名词作宾语,6,318
321,动名词作表语,语法 > 句法 > 动词的非谓语形式 > 动名词 > 动名词的用法和意义 > 动名词作表语,6,318
322,动名词作定语,语法 > 句法 > 动词的非谓语形式 > 动名词 > 动名词的用法和意义 > 动名词作定语,6,318
323,动名词作补语,语法 > 句法 > 动词的非谓语形式 > 动名词 > 动名词的用法和意义 > 动名词作补语,6,318
324,动名词复合结构,语法 > 句法 > 动词的非谓语形式 > 动名词 > 动名词复合结构,5,313
325,现在分词,语法 > 句法 > 动词的非谓语形式 > 现在分词,4,312
326,现在分词的时态和语态,语法 > 句法 > 动词的非谓语形式 > 现在分词 > 现在分词的时态和语态,5,325
327,现在分词一般式：doing,语法 > 句法 > 动词的非谓语形式 > 现在分词 > 现在分词的时态和语态 > 现在分词一般式：doing,6,326
328,现在分词完成式：having done,语法 > 句法 > 动词的非谓语形式 > 现在分词 > 现在分词的时态和语态 > 现在分词完成式：having done,6,326
329,现在分词的被动语态,语法 > 句法 > 动词的非谓语形式 > 现在分词 > 现在分词的时态和语态 > 现在分词的被动语态,6,326
330,现在分词的用法和意义,语法 > 句法 > 动词的非谓语形式 > 现在分词 > 现在分词的用法和意义,5,325
331,现在分词表主动+进行,语法 > 句法 > 动词的非谓语形式 > 现在分词 > 现在分词的用法和意义 > 现在分词表主动+进行,6,330
332,现在分词作定语,语法 > 句法 > 动词的非谓语形式 > 现在分词 > 现在分词的用法和意义 > 现在分词作定语,6,330
333,现在分词作表语,语法 > 句法 > 动词的非谓语形式 > 现在分词 > 现在分词的用法和意义 > 现在分词作表语,6,330
334,现在分词作状语,语法 > 句法 > 动词的非谓语形式 > 现在分词 > 现在分词的用法和意义 > 现在分词作状语,6,330
335,现在分词作补语,语法 > 句法 > 动词的非谓语形式 > 现在分词 > 现在分词的用法和意义 > 现在分词作补语,6,330
336,现在分词的独立主格,语法 > 句法 > 动词的非谓语形式 > 现在分词 > 现在分词的用法和意义 > 现在分词的独立主格,6,330
337,过去分词的用法和意义,语法 > 句法 > 动词的非谓语形式 > 过去分词的用法和意义,4,312
338,过去分词表被动+完成,语法 > 句法 > 动词的非谓语形式 > 过去分词的用法和意义 > 过去分词表被动+完成,5,337
339,过去分词作定语,语法 > 句法 > 动词的非谓语形式 > 过去分词的用法和意义 > 过去分词作定语,5,337
340,过去分词作表语,语法 > 句法 > 动词的非谓语形式 > 过去分词的用法和意义 > 过去分词作表语,5,337
341,过去分词作状语,语法 > 句法 > 动词的非谓语形式 > 过去分词的用法和意义 > 过去分词作状语,5,337
342,过去分词作补语,语法 > 句法 > 动词的非谓语形式 > 过去分词的用法和意义 > 过去分词作补语,5,337
343,过去分词的独立主格,语法 > 句法 > 动词的非谓语形式 > 过去分词的用法和意义 > 过去分词的独立主格,5,337
344,不定式,语法 > 句法 > 动词的非谓语形式 > 不定式,4,312
345,不定式的时态和语态,语法 > 句法 > 动词的非谓语形式 > 不定式 > 不定式的时态和语态,5,344
346,不定式一般式：to do,语法 > 句法 > 动词的非谓语形式 > 不定式 > 不定式的时态和语态 > 不定式一般式：to do,6,345
347,不定式完成式：to have done,语法 > 句法 > 动词的非谓语形式 > 不定式 > 不定式的时态和语态 > 不定式完成式：to have done,6,345
348,不定式的进行式：to be doing,语法 > 句法 > 动词的非谓语形式 > 不定式 > 不定式的时态和语态 > 不定式的进行式：to be doing,6,345
349,不定式的完成进行式：to have been doing,语法 > 句法 > 动词的非谓语形式 > 不定式 > 不定式的时态和语态 > 不定式的完成进行式：to have been doing,6,345
350,不定式被动语态,语法 > 句法 > 动词的非谓语形式 > 不定式 > 不定式的时态和语态 > 不定式被动语态,6,345
351,不定式的用法和意义,语法 > 句法 > 动词的非谓语形式 > 不定式 > 不定式的用法和意义,5,344
352,不定式作主语,语法 > 句法 > 动词的非谓语形式 > 不定式 > 不定式的用法和意义 > 不定式作主语,6,351
353,不定式作宾语,语法 > 句法 > 动词的非谓语形式 > 不定式 > 不定式的用法和意义 > 不定式作宾语,6,351
354,不定式作表语,语法 > 句法 > 动词的非谓语形式 > 不定式 > 不定式的用法和意义 > 不定式作表语,6,351
355,不定式作定语,语法 > 句法 > 动词的非谓语形式 > 不定式 > 不定式的用法和意义 > 不定式作定语,6,351
356,不定式作状语,语法 > 句法 > 动词的非谓语形式 > 不定式 > 不定式的用法和意义 > 不定式作状语,6,351
357,不定式作补语,语法 > 句法 > 动词的非谓语形式 > 不定式 > 不定式的用法和意义 > 不定式作补语,6,351
358,不定式独立主格结构,语法 > 句法 > 动词的非谓语形式 > 不定式 > 不定式的用法和意义 > 不定式独立主格结构,6,351
359,特殊疑问词+不定式,语法 > 句法 > 动词的非谓语形式 > 不定式 > 不定式的用法和意义 > 特殊疑问词+不定式,6,351
360,虚拟语气,语法 > 句法 > 虚拟语气,3,202
361,虚拟语气在非真实条件句中的运用,语法 > 句法 > 虚拟语气 > 虚拟语气在非真实条件句中的运用,4,360
362,与现在事实相反的假设,语法 > 句法 > 虚拟语气 > 虚拟语气在非真实条件句中的运用 > 与现在事实相反的假设,5,361
363,与过去事实相反的假设,语法 > 句法 > 虚拟语气 > 虚拟语气在非真实条件句中的运用 > 与过去事实相反的假设,5,361
364,与将来事实相反的假设,语法 > 句法 > 虚拟语气 > 虚拟语气在非真实条件句中的运用 > 与将来事实相反的假设,5,361
365,虚拟语气在非真实条件句中的特殊用法,语法 > 句法 > 虚拟语气 > 虚拟语气在非真实条件句中的特殊用法,4,360
366,含蓄条件句,语法 > 句法 > 虚拟语气 > 虚拟语气在非真实条件句中的特殊用法 > 含蓄条件句,5,365
367,错综时间条件句,语法 > 句法 > 虚拟语气 > 虚拟语气在非真实条件句中的特殊用法 > 错综时间条件句,5,365
368,省略if的条件句,语法 > 句法 > 虚拟语气 > 虚拟语气在非真实条件句中的特殊用法 > 省略if的条件句,5,365
369,虚拟语气在主语从句中的运用,语法 > 句法 > 虚拟语气 > 虚拟语气在主语从句中的运用,4,360
370,虚拟语气在宾语从句中的运用,语法 > 句法 > 虚拟语气 > 虚拟语气在宾语从句中的运用,4,360
371,虚拟语气在表语从句中的运用,语法 > 句法 > 虚拟语气 > 虚拟语气在表语从句中的运用,4,360
372,虚拟语气在同位语从句中的运用,语法 > 句法 > 虚拟语气 > 虚拟语气在同位语从句中的运用,4,360
373,虚拟语气在定语从句中的运用,语法 > 句法 > 虚拟语气 > 虚拟语气在定语从句中的运用,4,360
374,虚拟语气在方式状语从句中的运用,语法 > 句法 > 虚拟语气 > 虚拟语气在方式状语从句中的运用,4,360
375,表示“本打算而未做成”,语法 > 句法 > 虚拟语气 > 表示“本打算而未做成”,4,360
376,虚拟语气的其他用法,语法 > 句法 > 虚拟语气 > 虚拟语气的其他用法,4,360
377,主谓一致,语法 > 句法 > 主谓一致,3,202
378,就近原则,语法 > 句法 > 主谓一致 > 就近原则,4,377
379,意义一致,语法 > 句法 > 主谓一致 > 意义一致,4,377
380,语法一致,语法 > 句法 > 主谓一致 > 语法一致,4,377
381,特殊句式,语法 > 句法 > 特殊句式,3,202
382,强调句,语法 > 句法 > 特殊句式 > 强调句,4,381
383,助动词do强调谓语,语法 > 句法 > 特殊句式 > 强调句 > 助动词do强调谓语,5,382
384,It be...that/who 句型,语法 > 句法 > 特殊句式 > 强调句 > It be...that/who 句型,5,382
385,倒装,语法 > 句法 > 特殊句式 > 倒装,4,381
386,形式倒装,语法 > 句法 > 特殊句式 > 倒装 > 形式倒装,5,385
387,部分倒装,语法 > 句法 > 特殊句式 > 倒装 > 部分倒装,5,385
388,完全倒装,语法 > 句法 > 特殊句式 > 倒装 > 完全倒装,5,385
389,省略,语法 > 句法 > 特殊句式 > 省略,4,381
390,动词不定式的省略,语法 > 句法 > 特殊句式 > 省略 > 动词不定式的省略,5,389
391,并列结构的省略,语法 > 句法 > 特殊句式 > 省略 > 并列结构的省略,5,389
392,宾语从句的省略,语法 > 句法 > 特殊句式 > 省略 > 宾语从句的省略,5,389
393,状语从句的省略,语法 > 句法 > 特殊句式 > 省略 > 状语从句的省略,5,389
394,不定式符号to的省略,语法 > 句法 > 特殊句式 > 省略 > 不定式符号to的省略,5,389
395,其他形式的省略,语法 > 句法 > 特殊句式 > 省略 > 其他形式的省略,5,389
396,语篇,语篇,1,0
397,语篇类型,语篇 > 语篇类型,2,396
398,应用文,语篇 > 语篇类型 > 应用文,3,397
399,记叙文,语篇 > 语篇类型 > 记叙文,3,397
400,说明文,语篇 > 语篇类型 > 说明文,3,397
401,议论文,语篇 > 语篇类型 > 议论文,3,397
402,新闻报道,语篇 > 语篇类型 > 新闻报道,3,397
403,新媒体文章,语篇 > 语篇类型 > 新媒体文章,3,397
404,其他语篇,语篇 > 语篇类型 > 其他语篇,3,397
405,主题语境,语篇 > 主题语境,2,396
406,人与自我,语篇 > 主题语境 > 人与自我,3,405
407,生活与学习,语篇 > 主题语境 > 人与自我 > 生活与学习,4,406
408,个人、家庭、社区及学校生活,语篇 > 主题语境 > 人与自我 > 生活与学习 > 个人、家庭、社区及学校生活,5,407
409,健康的生活方式、积极的生活态度,语篇 > 主题语境 > 人与自我 > 生活与学习 > 健康的生活方式、积极的生活态度,5,407
410,自我认知与完善,语篇 > 主题语境 > 人与自我 > 生活与学习 > 自我认知与完善,5,407
411,学习的规律方法及态度,语篇 > 主题语境 > 人与自我 > 生活与学习 > 学习的规律方法及态度,5,407
412,做人与做事,语篇 > 主题语境 > 人与自我 > 做人与做事,4,406
413,人物故事,语篇 > 主题语境 > 人与自我 > 做人与做事 > 人物故事,5,412
414,个人品行态度、生命的意义与价值,语篇 > 主题语境 > 人与自我 > 做人与做事 > 个人品行态度、生命的意义与价值,5,412
415,公民义务与社会责任,语篇 > 主题语境 > 人与自我 > 做人与做事 > 公民义务与社会责任,5,412
416,未来规划及职业前景,语篇 > 主题语境 > 人与自我 > 做人与做事 > 未来规划及职业前景,5,412
417,创新与创业意识,语篇 > 主题语境 > 人与自我 > 做人与做事 > 创新与创业意识,5,412
418,人与自然,语篇 > 主题语境 > 人与自然,3,405
419,自然生态,语篇 > 主题语境 > 人与自然 > 自然生态,4,418
420,主要国家地理概况,语篇 > 主题语境 > 人与自然 > 自然生态 > 主要国家地理概况,5,419
421,自然科学研究成果,语篇 > 主题语境 > 人与自然 > 自然生态 > 自然科学研究成果,5,419
422,旅游观光,语篇 > 主题语境 > 人与自然 > 自然生态 > 旅游观光,5,419
423,环境保护,语篇 > 主题语境 > 人与自然 > 环境保护,4,418
424,自然环境、自然遗产保护,语篇 > 主题语境 > 人与自然 > 环境保护 > 自然环境、自然遗产保护,5,423
425,人类社会发展与环境的关系,语篇 > 主题语境 > 人与自然 > 环境保护 > 人类社会发展与环境的关系,5,423
426,灾害防范,语篇 > 主题语境 > 人与自然 > 灾害防范,4,418
427,自然灾害与防范、安全常识与自我保护,语篇 > 主题语境 > 人与自然 > 灾害防范 > 自然灾害与防范、安全常识与自我保护,5,426
428,宇宙探索,语篇 > 主题语境 > 人与自然 > 宇宙探索,4,418
429,地球与宇宙奥秘探索,语篇 > 主题语境 > 人与自然 > 宇宙探索 > 地球与宇宙奥秘探索,5,428
430,人与社会,语篇 > 主题语境 > 人与社会,3,405
431,社会服务与人际沟通,语篇 > 主题语境 > 人与社会 > 社会服务与人际沟通,4,430
432,良好的人际关系与社会交往,语篇 > 主题语境 > 人与社会 > 社会服务与人际沟通 > 良好的人际关系与社会交往,5,431
433,公益事业与志愿服务,语篇 > 主题语境 > 人与社会 > 社会服务与人际沟通 > 公益事业与志愿服务,5,431
434,跨文化沟通、包容与合作,语篇 > 主题语境 > 人与社会 > 社会服务与人际沟通 > 跨文化沟通、包容与合作,5,431
435,文学、艺术与体育,语篇 > 主题语境 > 人与社会 > 文学、艺术与体育,4,430
436,文学艺术,语篇 > 主题语境 > 人与社会 > 文学、艺术与体育 > 文学艺术,5,435
437,娱乐体育,语篇 > 主题语境 > 人与社会 > 文学、艺术与体育 > 娱乐体育,5,435
438,历史、社会与文化,语篇 > 主题语境 > 人与社会 > 历史、社会与文化,4,430
439,民族文化习俗与传统节日,语篇 > 主题语境 > 人与社会 > 历史、社会与文化 > 民族文化习俗与传统节日,5,438
440,突出贡献的人物和事件,语篇 > 主题语境 > 人与社会 > 历史、社会与文化 > 突出贡献的人物和事件,5,438
441,重要国际组织与社会公益机构,语篇 > 主题语境 > 人与社会 > 历史、社会与文化 > 重要国际组织与社会公益机构,5,438
442,法律与法制,语篇 > 主题语境 > 人与社会 > 历史、社会与文化 > 法律与法制,5,438
443,物质与非物质文化遗产,语篇 > 主题语境 > 人与社会 > 历史、社会与文化 > 物质与非物质文化遗产,5,438
444,社会热点现象问题,语篇 > 主题语境 > 人与社会 > 历史、社会与文化 > 社会热点现象问题,5,438
445,政治历史事件,语篇 > 主题语境 > 人与社会 > 历史、社会与文化 > 政治历史事件,5,438
446,社会进步与教育,语篇 > 主题语境 > 人与社会 > 历史、社会与文化 > 社会进步与教育,5,438
447,经济常识与市场,语篇 > 主题语境 > 人与社会 > 历史、社会与文化 > 经济常识与市场,5,438
448,科学与技术,语篇 > 主题语境 > 人与社会 > 科学与技术,4,430
449,科技发展与信息技术创新,语篇 > 主题语境 > 人与社会 > 科学与技术 > 科技发展与信息技术创新,5,448
450,科普知识,语篇 > 主题语境 > 人与社会 > 科学与技术 > 科普知识,5,448
451,语篇理解,语篇 > 语篇理解,2,396
452,篇章理解,语篇 > 语篇理解 > 篇章理解,3,451
453,细节理解,语篇 > 语篇理解 > 篇章理解 > 细节理解,4,452
454,语句理解,语篇 > 语篇理解 > 篇章理解 > 细节理解 > 语句理解,5,453
455,判断正误,语篇 > 语篇理解 > 篇章理解 > 细节理解 > 判断正误,5,453
456,细节排序,语篇 > 语篇理解 > 篇章理解 > 细节理解 > 细节排序,5,453
457,推理判断,语篇 > 语篇理解 > 篇章理解 > 推理判断,4,452
458,目的意图,语篇 > 语篇理解 > 篇章理解 > 推理判断 > 目的意图,5,457
459,文章出处,语篇 > 语篇理解 > 篇章理解 > 推理判断 > 文章出处,5,457
460,论证方式,语篇 > 语篇理解 > 篇章理解 > 推理判断 > 论证方式,5,457
461,篇章结构,语篇 > 语篇理解 > 篇章理解 > 推理判断 > 篇章结构,5,457
462,读者对象,语篇 > 语篇理解 > 篇章理解 > 推理判断 > 读者对象,5,457
463,逻辑推理,语篇 > 语篇理解 > 篇章理解 > 推理判断 > 逻辑推理,5,457
464,观点态度,语篇 > 语篇理解 > 篇章理解 > 推理判断 > 观点态度,5,457
465,主旨大意,语篇 > 语篇理解 > 篇章理解 > 主旨大意,4,452
466,文章大意,语篇 > 语篇理解 > 篇章理解 > 主旨大意 > 文章大意,5,465
467,段落大意,语篇 > 语篇理解 > 篇章理解 > 主旨大意 > 段落大意,5,465
468,标题选择,语篇 > 语篇理解 > 篇章理解 > 主旨大意 > 标题选择,5,465
469,词句猜测,语篇 > 语篇理解 > 篇章理解 > 词句猜测,4,452
470,词义猜测,语篇 > 语篇理解 > 篇章理解 > 词句猜测 > 词义猜测,5,469
471,短语猜测,语篇 > 语篇理解 > 篇章理解 > 词句猜测 > 短语猜测,5,469
472,指代猜测,语篇 > 语篇理解 > 篇章理解 > 词句猜测 > 指代猜测,5,469
473,句意猜测,语篇 > 语篇理解 > 篇章理解 > 词句猜测 > 句意猜测,5,469
474,习语猜测,语篇 > 语篇理解 > 篇章理解 > 词句猜测 > 习语猜测,5,469
475,语句段落,语篇 > 语篇理解 > 语句段落,3,451
476,解释说明,语篇 > 语篇理解 > 语句段落 > 解释说明,4,475
477,例证关系,语篇 > 语篇理解 > 语句段落 > 例证关系,4,475
478,因果关系,语篇 > 语篇理解 > 语句段落 > 因果关系,4,475
479,递进关系,语篇 > 语篇理解 > 语句段落 > 递进关系,4,475
480,转折让步,语篇 > 语篇理解 > 语句段落 > 转折让步,4,475
481,并列关系,语篇 > 语篇理解 > 语句段落 > 并列关系,4,475
482,对比关系,语篇 > 语篇理解 > 语句段落 > 对比关系,4,475
483,次序关系,语篇 > 语篇理解 > 语句段落 > 次序关系,4,475
484,归纳概括,语篇 > 语篇理解 > 语句段落 > 归纳概括,4,475
485,语用,语用,1,0
486,情景交际及习惯表达,语用 > 情景交际及习惯表达,2,485
487,情景交际,语用 > 情景交际及习惯表达 > 情景交际,3,486
488,习语及谚语,语用 > 情景交际及习惯表达 > 习语及谚语,3,486
489,听力/写作话题,语用 > 听力/写作话题,2,485
490,学校生活,语用 > 听力/写作话题 > 学校生活,3,489
491,日常生活,语用 > 听力/写作话题 > 日常生活,3,489
492,家庭生活,语用 > 听力/写作话题 > 家庭生活,3,489
493,传统文化,语用 > 听力/写作话题 > 传统文化,3,489
494,节假日活动,语用 > 听力/写作话题 > 节假日活动,3,489
495,个人情况,语用 > 听力/写作话题 > 个人情况,3,489
496,人际关系,语用 > 听力/写作话题 > 人际关系,3,489
497,人物故事介绍,语用 > 听力/写作话题 > 人物故事介绍,3,489
498,环境保护,语用 > 听力/写作话题 > 环境保护,3,489
499,兴趣爱好,语用 > 听力/写作话题 > 兴趣爱好,3,489
500,购物,语用 > 听力/写作话题 > 购物,3,489
501,健康,语用 > 听力/写作话题 > 健康,3,489
502,饮食,语用 > 听力/写作话题 > 饮食,3,489
503,情感情绪,语用 > 听力/写作话题 > 情感情绪,3,489
504,旅游景点,语用 > 听力/写作话题 > 旅游景点,3,489
505,天气气候,语用 > 听力/写作话题 > 天气气候,3,489
506,交通,语用 > 听力/写作话题 > 交通,3,489
507,文娱体育,语用 > 听力/写作话题 > 文娱体育,3,489
508,文学和艺术,语用 > 听力/写作话题 > 文学和艺术,3,489
509,未来规划及愿望,语用 > 听力/写作话题 > 未来规划及愿望,3,489
510,历史地理,语用 > 听力/写作话题 > 历史地理,3,489
511,科普知识及现代技术,语用 > 听力/写作话题 > 科普知识及现代技术,3,489
512,西方文化,语用 > 听力/写作话题 > 西方文化,3,489
513,社会,语用 > 听力/写作话题 > 社会,3,489
514,工作与职业,语用 > 听力/写作话题 > 工作与职业,3,489
515,学习,语用 > 听力/写作话题 > 学习,3,489
516,其他,语用 > 听力/写作话题 > 其他,3,489
517,听力理解,语用 > 听力理解,2,485
518,数字计算,语用 > 听力理解 > 数字计算,3,517
519,地点去向,语用 > 听力理解 > 地点去向,3,517
520,方式方法,语用 > 听力理解 > 方式方法,3,517
521,原因结果,语用 > 听力理解 > 原因结果,3,517
522,请求建议,语用 > 听力理解 > 请求建议,3,517
523,事实与倾向,语用 > 听力理解 > 事实与倾向,3,517
524,主旨要义,语用 > 听力理解 > 主旨要义,3,517
525,谈话者背景关系,语用 > 听力理解 > 谈话者背景关系,3,517
526,谈话者观点态度,语用 > 听力理解 > 谈话者观点态度,3,517
527,谈话者目的意图,语用 > 听力理解 > 谈话者目的意图,3,517
528,推理判断,语用 > 听力理解 > 推理判断,3,517
529,日期和时间,语用 > 听力理解 > 日期和时间,3,517
530,读后续写写作手法,语用 > 读后续写写作手法,2,485
531,修辞手法,语用 > 读后续写写作手法 > 修辞手法,3,530
532,拟人在读后续写中的运用,语用 > 读后续写写作手法 > 修辞手法 > 拟人在读后续写中的运用,4,531
533,拟声在读后续写中的运用,语用 > 读后续写写作手法 > 修辞手法 > 拟声在读后续写中的运用,4,531
534,排比在读后续写中的运用,语用 > 读后续写写作手法 > 修辞手法 > 排比在读后续写中的运用,4,531
535,比喻在读后续写中的运用,语用 > 读后续写写作手法 > 修辞手法 > 比喻在读后续写中的运用,4,531
536,细节描写,语用 > 读后续写写作手法 > 细节描写,3,530
537,读后续写中的外貌描写,语用 > 读后续写写作手法 > 细节描写 > 读后续写中的外貌描写,4,536
538,读后续写中的动作描写,语用 > 读后续写写作手法 > 细节描写 > 读后续写中的动作描写,4,536
539,读后续写中的情绪描写,语用 > 读后续写写作手法 > 细节描写 > 读后续写中的情绪描写,4,536
540,读后续写中的对话描写,语用 > 读后续写写作手法 > 细节描写 > 读后续写中的对话描写,4,536
541,读后续写中的环境描写,语用 > 读后续写写作手法 > 细节描写 > 读后续写中的环境描写,4,536
542,读后续写中的心理描写,语用 > 读后续写写作手法 > 细节描写 > 读后续写中的心理描写,4,536
543,菁优挂靠不上,菁优挂靠不上,1,0
544,信息词选择,菁优挂靠不上 > 信息词选择,2,543
545,句子理解,菁优挂靠不上 > 句子理解,2,543
546,情景反应,菁优挂靠不上 > 情景反应,2,543
547,听录音选图,菁优挂靠不上 > 听录音选图,2,543
548,短对话理解,菁优挂靠不上 > 短对话理解,2,543
549,长对话理解,菁优挂靠不上 > 长对话理解,2,543
550,短文理解,菁优挂靠不上 > 短文理解,2,543
551,按课文内容填空,菁优挂靠不上 > 按课文内容填空,2,543
552,句子连读,菁优挂靠不上 > 句子连读,2,543
553,句子失爆,菁优挂靠不上 > 句子失爆,2,543
554,语音语调,菁优挂靠不上 > 语音语调,2,543
555,C端听力训练专用,C端听力训练专用,1,0
556,一词多义,C端听力训练专用 > 一词多义,2,555
557,今昔对比,C端听力训练专用 > 今昔对比,2,555
558,男女有别,C端听力训练专用 > 男女有别,2,555
559,时间先后,C端听力训练专用 > 时间先后,2,555
560,复合拆分,C端听力训练专用 > 复合拆分,2,555
561,失去爆破,C端听力训练专用 > 失去爆破,2,555
562,学校,C端听力训练专用 > 学校,2,555
563,连读,C端听力训练专用 > 连读,2,555
564,酒店,C端听力训练专用 > 酒店,2,555
565,清辅音,C端听力训练专用 > 清辅音,2,555
566,商店,C端听力训练专用 > 商店,2,555
567,英美音,C端听力训练专用 > 英美音,2,555
568,餐馆,C端听力训练专用 > 餐馆,2,555
569,口语词,C端听力训练专用 > 口语词,2,555
570,图书馆,C端听力训练专用 > 图书馆,2,555
571,同义词转换,C端听力训练专用 > 同义词转换,2,555
572,行程安排类,C端听力训练专用 > 行程安排类,2,555
573,时事新闻类,C端听力训练专用 > 时事新闻类,2,555
574,人物传记类,C端听力训练专用 > 人物传记类,2,555
575,故事类,C端听力训练专用 > 故事类,2,555
576,主题型,C端听力训练专用 > 主题型,2,555
577,数字题-时间,C端听力训练专用 > 数字题-时间,2,555
578,数字题-其他,C端听力训练专用 > 数字题-其他,2,555
579,假期安排,C端听力训练专用 > 假期安排,2,555
580,数字题-价格,C端听力训练专用 > 数字题-价格,2,555
581,办公,C端听力训练专用 > 办公,2,555
582,天气,C端听力训练专用 > 天气,2,555
583,书写规范,书写规范,1,0
584,英语书写规范,书写规范 > 英语书写规范,2,583
